id,title,main_price,off_price,off_percent,inventory,store,is_exist,extracted_at,source
347841,پروتئین سویا 200 گرمی توسکا,1350000,742500,45,884,انبار مرکزی اتکالا,True,2026-08-16 11:26:18,JSON
316775,کاسه الماس 6 عددی 400,3170000,1902000,40,1,انبار مرکزی اتکالا,True,2026-08-16 11:26:18,JSON
313349,پودرژله انبه 100 گرم شیبا,850000,510000,40,43,انبار مرکزی اتکالا,True,2026-08-16 11:26:18,JSON
313381,پودرژله توت فرنگی 100 گرم شیبابا,850000,510000,40,113,انبار مرکزی اتکالا,True,2026-08-16 11:26:18,JSON
313387,پودرژله موز 100 گرم شیبابا,850000,510000,40,90,انبار مرکزی اتکالا,True,2026-08-16 11:26:18,JSON
313362,پودرژله مخلوط میوه های قرمز 100 گرم شیبابا,850000,510000,40,77,انبار مرکزی اتکالا,True,2026-08-16 11:26:18,JSON
324974,سزار 520 گرمی,3484800,2090880,40,3,انبار مرکزی اتکالا,True,2026-08-16 11:26:18,JSON
313389,پودرژله انار شیبابا,850000,510000,40,102,انبار مرکزی اتکالا,True,2026-08-16 11:26:18,JSON
313382,پودرژله پرتقال 100 گرم شیبابا,850000,510000,40,104,انبار مرکزی اتکالا,True,2026-08-16 11:26:18,JSON
313383,پودرژله با طعم  بلوبری  100گرم شیبابا,850000,510000,40,39,انبار مرکزی اتکالا,True,2026-08-16 11:26:18,JSON
314543,مایع ظرفشویی پرتقال بطری 1 لیتر اتکا,2240092,1769673,21,191,انبار مرکزی اتکالا,True,2026-08-16 11:26:18,JSON
315018,تن ماهی180گ آسان بازشو اتکا,1999000,1999000,0,1336,انبار مرکزی اتکالا,True,2026-08-16 11:26:18,JSON
313726,رب گوجه فرنگی ایزی اوپن 800گرم جوانه اتکا,1199000,1199000,0,94,انبار مرکزی اتکالا,True,2026-08-16 11:26:18,JSON
315011,تن ماهی آسان بازشو 120 گرم اتکا,1558500,1558500,0,1514,انبار مرکزی اتکالا,True,2026-08-16 11:26:18,JSON
314536,پودر لباسشویی 500 گرمی اتکا,897947,897947,0,274,انبار مرکزی اتکالا,True,2026-08-16 11:26:18,JSON
320962,دستمال حوله 4 رولی اتکا,3510830,3510830,0,30,انبار مرکزی اتکالا,True,2026-08-16 11:26:18,JSON
312600,مایع لباسشویی جنرالhdبنفش6عددی 2000 گرم سافتلن,5323800,4525230,15,149,انبار مرکزی اتکالا,True,2026-08-16 11:26:18,JSON
312598,مایع لباسشویی جنرالhdآبی4عددی 3000 گرم سافتلن,7778100,7544757,3,340,انبار مرکزی اتکالا,True,2026-08-16 11:26:18,JSON
323566,سینه مرغ بی پوست 1800 گرم  آوا,10296000,9987120,3,11,انبار مرکزی اتکالا,True,2026-08-16 11:26:18,JSON
319850,روغن مایع سرخ ویژه 2.7 گرم ورامین,10998460,10996460,0,2349,انبار مرکزی اتکالا,True,2026-08-16 11:26:18,JSON
321692,برنج ندا10کیلویی,38759521,37268770,4,157,انبار مرکزی اتکالا,True,2026-08-16 11:26:18,JSON
315713,شکر 1 کیلو زمردفام,1250000,1237500,1,1783,انبار مرکزی اتکالا,True,2026-08-16 11:26:18,JSON
319856,روغن سرخ بدون پالم1350گ پت گرد شفاف ورامین,6045160,5561547,8,880,انبار مرکزی اتکالا,True,2026-08-16 11:26:18,JSON
319855,روغن سرخ بدون پالم810 گ پت شفاف گرد و چهارگوش ورامین,3612730,3323712,8,8513,انبار مرکزی اتکالا,True,2026-08-16 11:26:18,JSON
321454,کره بادام زمینی 300 گرم شیررضا,3630000,2541000,30,17,انبار مرکزی اتکالا,True,2026-08-16 11:26:18,JSON
320115,کره بادام زمینی نمکی 450 گرم شیررضا,5700000,3990000,30,37,انبار مرکزی اتکالا,True,2026-08-16 11:26:18,JSON
320116,کره بادام زمینی رژیمی 450 گرم شیررضا,5850000,4095000,30,31,انبار مرکزی اتکالا,True,2026-08-16 11:26:18,JSON
320113,کره بادام زمینی ساده 450 گرم شیررضا,5320000,3724001,30,11,انبار مرکزی اتکالا,True,2026-08-16 11:26:18,JSON
326392,پنیر پیتزا پروسس 500 گرم پاک,7000000,4900000,30,26,انبار مرکزی اتکالا,True,2026-08-16 11:26:18,JSON
320114,کره بادام زمینی کرانچی 450 گرم شیررضا,5350000,3745000,30,45,انبار مرکزی اتکالا,True,2026-08-16 11:26:18,JSON
314033,پنیر لاکتیکی روجا 300 گرم کاله,1995000,1396500,30,13,انبار مرکزی اتکالا,True,2026-08-16 11:26:18,JSON
317635,بستنی فوردو-بستنی باقلوا کاله,6000000,4500000,25,5,انبار مرکزی اتکالا,True,2026-08-16 11:26:18,JSON
320831,دوغ سلطانی 1350 گرم سوتچی لر,1357000,1017750,25,36,انبار مرکزی اتکالا,True,2026-08-16 11:26:18,JSON
325286,دوغ سیروخیار بطری 1.4 لیتر سوتچی لر,1357000,1017750,25,35,انبار مرکزی اتکالا,True,2026-08-16 11:26:18,JSON
315673,چای سیاه قلم بهاره سلفونی تیمن,14000000,8400000,40,54,انبار مرکزی اتکالا,True,2026-08-16 11:26:18,JSON
315679,چای شکسته ممتاز100%طبیعی 375 گرم رفاه,5800000,3944000,32,43,انبار مرکزی اتکالا,True,2026-08-16 11:26:18,JSON
315674,چای سیاه شکسته ممتاز سلفونی تیمن,9500000,6460000,32,21,انبار مرکزی اتکالا,True,2026-08-16 11:26:18,JSON
336990,تی بگ 20عددی طلایی154 رفاه,2100000,1428000,32,8,انبار مرکزی اتکالا,True,2026-08-16 11:26:18,JSON
321607,چای سیاه زرین تیمن,4950000,3366000,32,31,انبار مرکزی اتکالا,True,2026-08-16 11:26:18,JSON
315678,چای سیاه شکسته ممتاز زرین سنتی تیمن,9000000,6120000,32,37,انبار مرکزی اتکالا,True,2026-08-16 11:26:18,JSON
315676,چای اولونگ طبیعی تیمن,6000000,4080000,32,62,انبار مرکزی اتکالا,True,2026-08-16 11:26:18,JSON
315677,چای سیاه شکسته درجه یک با طعم برگاموت تیمن,8500000,5780000,32,42,انبار مرکزی اتکالا,True,2026-08-16 11:26:18,JSON
315680,چای سیاه شکسته 1 کیلوگرم رفاه لاهیجان,14500000,9860000,32,41,انبار مرکزی اتکالا,True,2026-08-16 11:26:18,JSON
317608,روغن کنجد تصفیه شده 980 سی سی شیررضا,16740000,11718000,30,13,انبار مرکزی اتکالا,True,2026-08-16 11:26:18,JSON
347405,کیسه فریزر توپی پرفراژ دار بسیار ضخیم پینگو,6850000,4452500,35,168,انبار مرکزی اتکالا,True,2026-08-16 11:26:18,JSON
347416,فریزر35*25 رول 500 عددی 1 کیلویی,11850000,7702500,35,135,انبار مرکزی اتکالا,True,2026-08-16 11:26:18,JSON
347411,فریزر پرفراژ دار 200 عدد 35*25 رولی,4460000,2899000,35,187,انبار مرکزی اتکالا,True,2026-08-16 11:26:18,JSON
347412,فریزر پرفراژ دار 300 عدد 35*25 رولی,6450000,4192500,35,142,انبار مرکزی اتکالا,True,2026-08-16 11:26:18,JSON
347397,کیسه فریزر رولی 250 برگی 300 گرم پینگو,5200000,3380000,35,174,انبار مرکزی اتکالا,True,2026-08-16 11:26:18,JSON
315169,ابر استیل نرم بریتکس,2200000,1474000,33,142,انبار مرکزی اتکالا,True,2026-08-16 11:26:18,JSON
315160,اسکاج حافظ ناخن بریتکس,2200000,1474000,33,105,انبار مرکزی اتکالا,True,2026-08-16 11:26:18,JSON
315162,اسکاج ساده بریتکس,2200000,1474000,33,187,انبار مرکزی اتکالا,True,2026-08-16 11:26:18,JSON
315163,اسکاج بااسفنج بریتکس,2200000,1474000,33,74,انبار مرکزی اتکالا,True,2026-08-16 11:26:18,JSON
315164,ابراسکاج خورشیدی  نرم سن یو بریتکس,2200000,1474000,33,26,انبار مرکزی اتکالا,True,2026-08-16 11:26:18,JSON
324025,استیک دئودورانت صورتی زنانه 75 میل کامان,4280000,2782000,35,4,انبار مرکزی اتکالا,True,2026-08-16 11:26:18,JSON
324026,استیک سبز دئودورانت زنانه 75 میل کامان,4280000,2782000,35,20,انبار مرکزی اتکالا,True,2026-08-16 11:26:18,JSON
316411,کرم تیوپی مرطوب کننده چرب کامان,1980000,1287000,35,18,انبار مرکزی اتکالا,True,2026-08-16 11:26:18,JSON
324018,کرم تیوپی پوست های خیلی خشک کامان,1980000,1287000,35,19,انبار مرکزی اتکالا,True,2026-08-16 11:26:18,JSON
316402,کرم چرب کامان عصاره آووکادو,5480000,3562000,35,10,انبار مرکزی اتکالا,True,2026-08-16 11:26:18,JSON
316410,کرم تیوپی مرطوب کننده فاقدچربی کامان,1980000,1287000,35,5,انبار مرکزی اتکالا,True,2026-08-16 11:26:18,JSON
316401,کرم فاقد چربی کامان حاوی عصاره آرگان,5480000,3562000,35,11,انبار مرکزی اتکالا,True,2026-08-16 11:26:18,JSON
316403,کرم نرمال کامان حاوی عصاره آپشن بری,5480000,3562000,35,21,انبار مرکزی اتکالا,True,2026-08-16 11:26:18,JSON
316421,ژل کنسانتره آلوئه ورا 400 میلی لیتر کامان,5380000,3497000,35,20,انبار مرکزی اتکالا,True,2026-08-16 11:26:18,JSON
316412,کرم تیوپی مرطوب کننده معمولی کامان,1980000,1287000,35,4,انبار مرکزی اتکالا,True,2026-08-16 11:26:18,JSON
318929,فرانسه 500 گرمی,2985000,1791000,40,14,انبار مرکزی اتکالا,True,2026-08-16 11:26:18,JSON
320769,سیر 520 گرمی,2985000,1791000,40,22,انبار مرکزی اتکالا,True,2026-08-16 11:26:18,JSON
315967,نمک خانواده 2.5 کیلوگرم کاوه,1495000,971750,35,70,انبار مرکزی اتکالا,True,2026-08-16 11:26:18,JSON
315970,نمک سلفون 1 کیلوگرم سان,755000,490750,35,201,انبار مرکزی اتکالا,True,2026-08-16 11:26:18,JSON
325378,نمک  تبلور سلفون 1000گرم پوسان,755000,490750,35,301,انبار مرکزی اتکالا,True,2026-08-16 11:26:18,JSON
315969,نمک 750 گرم سان,595000,386750,35,406,انبار مرکزی اتکالا,True,2026-08-16 11:26:18,JSON
312901,سس کچاپ تند 550 گرم بیژن,1699000,1274250,25,67,انبار مرکزی اتکالا,True,2026-08-16 11:26:18,JSON
316797,فلفل سیاه سلفون 80 گرم برکت دریانی,2999000,2249250,25,94,انبار مرکزی اتکالا,True,2026-08-16 11:26:18,JSON
312900,سس کچاپ 550 گرم بیژن,1649000,1236750,25,231,انبار مرکزی اتکالا,True,2026-08-16 11:26:18,JSON
324625,کنسرو مایه ماکارونی باسویا 380 گرم بیژن,1699000,1325220,22,24,انبار مرکزی اتکالا,True,2026-08-16 11:26:18,JSON
312903,کنسرو خوراک بادمجان 380 گرم بیژن,1699000,1325220,22,45,انبار مرکزی اتکالا,True,2026-08-16 11:26:18,JSON
312902,کنسرو عدسی 380 گرم بیژن,1599000,1247220,22,15,انبار مرکزی اتکالا,True,2026-08-16 11:26:18,JSON
325780,کنسرو لوبیاچیتی با قارچ 400 گرم مهرام,2100000,1827000,13,45,انبار مرکزی اتکالا,True,2026-08-16 11:26:18,JSON
388409,کنسرو مخلوط سبزیجات 400 گرمی,2200000,1914000,13,6,انبار مرکزی اتکالا,True,2026-08-16 11:26:18,JSON
324802,کنسرو نخودفرنگی 380 گرم بهروز,2000000,1840000,8,24,انبار مرکزی اتکالا,True,2026-08-16 11:26:18,JSON
413807,کنسرو نخودفرنگی 380 گرم سمیه,1900000,1805000,5,34,انبار مرکزی اتکالا,True,2026-08-16 11:26:18,JSON
323912,کنسرو مایه ماکارونی 380 گرمی سمیه,1750000,1662500,5,43,انبار مرکزی اتکالا,True,2026-08-16 11:26:18,JSON
324143,کنسرو ذرت شیرین 380 گرمی سمیه,1900000,1805000,5,36,انبار مرکزی اتکالا,True,2026-08-16 11:26:18,JSON
324803,کنسرو قارچ و لوبیا چیتی 380 گرم بهروز,1800000,1746000,3,36,انبار مرکزی اتکالا,True,2026-08-16 11:26:18,JSON
315190,شکلات دوسرپیچ شیری 450 گرم باراکا,6600000,4290000,35,15,انبار مرکزی اتکالا,True,2026-08-16 11:26:18,JSON
317677,کرانچی تندوآتشین 75گرم چی توز,1000000,700000,30,59,انبار مرکزی اتکالا,True,2026-08-16 11:26:18,JSON
319099,اسنک موتوری خانواده 110 گرم چی توز,900000,630000,30,9,انبار مرکزی اتکالا,True,2026-08-16 11:26:18,JSON
317683,چیپس چی پف بالشتی 75 گرم چی توز,1000000,700000,30,37,انبار مرکزی اتکالا,True,2026-08-16 11:26:18,JSON
319111,کراکر نمکی 150 گرم,800000,560000,30,91,انبار مرکزی اتکالا,True,2026-08-16 11:26:18,JSON
317676,کرانچی فلفلی 75گرم چی توز,1000000,700000,30,101,انبار مرکزی اتکالا,True,2026-08-16 11:26:18,JSON
319109,پاپ کرن پنیری فیلی خانواده,1500000,1050000,30,32,انبار مرکزی اتکالا,True,2026-08-16 11:26:18,JSON
312968,چیپس ساده متوسط 60گرم چی توز,700000,490001,30,11,انبار مرکزی اتکالا,True,2026-08-16 11:26:18,JSON
319106,چیپس سرکه نمکی,1450000,1015000,30,148,انبار مرکزی اتکالا,True,2026-08-16 11:26:18,JSON
319096,کراکر ماهی پنیری بزرگ 175 گرم چی توز,1500000,1050000,30,49,انبار مرکزی اتکالا,True,2026-08-16 11:26:18,JSON
316409,دستمال مرطوب کودک حاوی کالاندولای50برگی دافی,4480000,2912000,35,12,انبار مرکزی اتکالا,True,2026-08-16 11:26:18,JSON
316415,دستمال مرطوب لاک پاک کن دافی,5180000,3367000,35,19,انبار مرکزی اتکالا,True,2026-08-16 11:26:18,JSON
316418,دستمال مرطوب آرایش پاک کن دورچشم کمرباریک نینو,3880000,2716000,30,1,انبار مرکزی اتکالا,True,2026-08-16 11:26:18,JSON
318927,دستمال مرطوب کودک حاوی کالاندولای70برگی نینو,6180000,4326000,30,10,انبار مرکزی اتکالا,True,2026-08-16 11:26:18,JSON
316416,دستمال مرطوب لاک پاک کن نینو,5180000,3626000,30,3,انبار مرکزی اتکالا,True,2026-08-16 11:26:18,JSON
316385,دستمال مرطوب نرم کننده کودک نینو,1980000,1386000,30,10,انبار مرکزی اتکالا,True,2026-08-16 11:26:18,JSON
316443,دستمال مرطوب آرایش پاک کن 27 برگ لایه بردار نینو,2380000,1666000,30,3,انبار مرکزی اتکالا,True,2026-08-16 11:26:18,JSON
316442,دستمال مرطوب آرایش پاک کن 27 برگ ضد آکنه نینو,2380000,1666000,30,7,انبار مرکزی اتکالا,True,2026-08-16 11:26:18,JSON
316390,دستمال مرطوب نرم کننده کودک دافی,1980000,1386000,30,11,انبار مرکزی اتکالا,True,2026-08-16 11:26:18,JSON
321412,نواربهداشتی بالدار بزرگ پنبه ریز مروارید بوشهر,1290000,967500,25,88,انبار مرکزی اتکالا,True,2026-08-16 11:26:18,JSON
313641,سوسیس کوکتل 70% گوشت قرمز1ک,10250000,7175000,30,18,انبار مرکزی اتکالا,True,2026-08-16 11:26:18,JSON
315487,میناسیان کوکتل پنیر 55 درصد 500گرم,7075887,4953121,30,1,انبار مرکزی اتکالا,True,2026-08-16 11:26:18,JSON
313638,سوسیس کوکتل 55% گوشت قرمز1ک,8547000,5982900,30,5,انبار مرکزی اتکالا,True,2026-08-16 11:26:18,JSON
313642,سوسیس هات داگ 70% گوشت قرمز1ک,10250000,7175000,30,3,انبار مرکزی اتکالا,True,2026-08-16 11:26:18,JSON
315481,میناسیان ژامبون گوشت  90 200گرم,4373115,3061180,30,2,انبار مرکزی اتکالا,True,2026-08-16 11:26:18,JSON
347181,میگو سایز40-31 منجمد 450 گرمی,10955000,8764000,20,15,انبار مرکزی اتکالا,True,2026-08-16 11:26:18,JSON
315606,میگوسایز110-91 منجمد 450 گرمی,8040000,6432000,20,8,انبار مرکزی اتکالا,True,2026-08-16 11:26:18,JSON
315995,سوسیس کوکتل مرغ 55% توری 1ک,8830444,7947400,10,6,انبار مرکزی اتکالا,True,2026-08-16 11:26:18,JSON
316003,سوسیس کوکتل دودی توری 1ک,9536545,8582891,10,3,انبار مرکزی اتکالا,True,2026-08-16 11:26:18,JSON
316008,همبرگر ممتاز 60% 500گ,5532819,4979537,10,8,انبار مرکزی اتکالا,True,2026-08-16 11:26:18,JSON
313412,پودرکرم کارامل شیوا سن ایچ,850000,510000,40,47,انبار مرکزی اتکالا,True,2026-08-16 11:26:18,JSON
313394,پودر ژله پاکتی توت سیاه 100 گرمی شیبابا,850000,510000,40,55,انبار مرکزی اتکالا,True,2026-08-16 11:26:18,JSON
313384,پودرژله طالبی شیبابا,850000,510000,40,17,انبار مرکزی اتکالا,True,2026-08-16 11:26:18,JSON
313379,پودرژله تمشک شیبابا,850000,510000,40,133,انبار مرکزی اتکالا,True,2026-08-16 11:26:18,JSON
313385,پودرژله آلبالو 100 گرم شیبابا,850000,510000,40,105,انبار مرکزی اتکالا,True,2026-08-16 11:26:18,JSON
313386,پودرژله آناناس 100 گرم شیبابا,850000,510000,40,111,انبار مرکزی اتکالا,True,2026-08-16 11:26:18,JSON
313413,پودرژله انگور 100 گرم شیوا,850000,510000,40,52,انبار مرکزی اتکالا,True,2026-08-16 11:26:18,JSON
